{
  "logout" : {
    "transaction" : "logout",
    "sampleCount" : 5,
    "errorCount" : 0,
    "errorPct" : 0.0,
    "meanResTime" : 1455.6,
    "medianResTime" : 1508.0,
    "minResTime" : 1236.0,
    "maxResTime" : 1522.0,
    "pct1ResTime" : 1522.0,
    "pct2ResTime" : 1522.0,
    "pct3ResTime" : 1522.0,
    "throughput" : 3.1133250311332503,
    "receivedKBytesPerSec" : 20.827049929950185,
    "sentKBytesPerSec" : 3.5541767201120793
  },
  "logout-0" : {
    "transaction" : "logout-0",
    "sampleCount" : 5,
    "errorCount" : 0,
    "errorPct" : 0.0,
    "meanResTime" : 996.4,
    "medianResTime" : 1027.0,
    "minResTime" : 882.0,
    "maxResTime" : 1055.0,
    "pct1ResTime" : 1055.0,
    "pct2ResTime" : 1055.0,
    "pct3ResTime" : 1055.0,
    "throughput" : 4.664179104477611,
    "receivedKBytesPerSec" : 9.01407270289179,
    "sentKBytesPerSec" : 2.6645945079291042
  },
  "Test" : {
    "transaction" : "Test",
    "sampleCount" : 5,
    "errorCount" : 0,
    "errorPct" : 0.0,
    "meanResTime" : 4793.0,
    "medianResTime" : 4940.0,
    "minResTime" : 4411.0,
    "maxResTime" : 5104.0,
    "pct1ResTime" : 5104.0,
    "pct2ResTime" : 5104.0,
    "pct3ResTime" : 5104.0,
    "throughput" : 0.9382623381497466,
    "receivedKBytesPerSec" : 23.48422986254457,
    "sentKBytesPerSec" : 3.9720383162882342
  },
  "logout-1" : {
    "transaction" : "logout-1",
    "sampleCount" : 5,
    "errorCount" : 0,
    "errorPct" : 0.0,
    "meanResTime" : 457.4,
    "medianResTime" : 464.0,
    "minResTime" : 353.0,
    "maxResTime" : 533.0,
    "pct1ResTime" : 533.0,
    "pct2ResTime" : 533.0,
    "pct3ResTime" : 533.0,
    "throughput" : 7.429420505200594,
    "receivedKBytesPerSec" : 35.34198551263001,
    "sentKBytesPerSec" : 4.237091381872213
  },
  "Total" : {
    "transaction" : "Total",
    "sampleCount" : 50,
    "errorCount" : 0,
    "errorPct" : 0.0,
    "meanResTime" : 766.58,
    "medianResTime" : 605.0,
    "minResTime" : 328.0,
    "maxResTime" : 2215.0,
    "pct1ResTime" : 1540.0,
    "pct2ResTime" : 2032.6999999999994,
    "pct3ResTime" : 2215.0,
    "throughput" : 0.7370283018867925,
    "receivedKBytesPerSec" : 3.3327066673422756,
    "sentKBytesPerSec" : 0.585304116303066
  },
  "viewAdminModule" : {
    "transaction" : "viewAdminModule",
    "sampleCount" : 5,
    "errorCount" : 0,
    "errorPct" : 0.0,
    "meanResTime" : 697.0,
    "medianResTime" : 699.0,
    "minResTime" : 677.0,
    "maxResTime" : 711.0,
    "pct1ResTime" : 711.0,
    "pct2ResTime" : 711.0,
    "pct3ResTime" : 711.0,
    "throughput" : 6.55307994757536,
    "receivedKBytesPerSec" : 43.763566923328966,
    "sentKBytesPerSec" : 7.54500122870249
  },
  "viewAdminModule-0" : {
    "transaction" : "viewAdminModule-0",
    "sampleCount" : 5,
    "errorCount" : 0,
    "errorPct" : 0.0,
    "meanResTime" : 343.6,
    "medianResTime" : 348.0,
    "minResTime" : 328.0,
    "maxResTime" : 353.0,
    "pct1ResTime" : 353.0,
    "pct2ResTime" : 353.0,
    "pct3ResTime" : 353.0,
    "throughput" : 12.345679012345679,
    "receivedKBytesPerSec" : 23.85947145061728,
    "sentKBytesPerSec" : 7.173514660493827
  },
  "viewAdminModule-1" : {
    "transaction" : "viewAdminModule-1",
    "sampleCount" : 5,
    "errorCount" : 0,
    "errorPct" : 0.0,
    "meanResTime" : 352.6,
    "medianResTime" : 350.0,
    "minResTime" : 347.0,
    "maxResTime" : 361.0,
    "pct1ResTime" : 361.0,
    "pct2ResTime" : 361.0,
    "pct3ResTime" : 361.0,
    "throughput" : 11.547344110854503,
    "receivedKBytesPerSec" : 54.80026703233256,
    "sentKBytesPerSec" : 6.585594688221709
  },
  "login" : {
    "transaction" : "login",
    "sampleCount" : 5,
    "errorCount" : 0,
    "errorPct" : 0.0,
    "meanResTime" : 1914.4,
    "medianResTime" : 1958.0,
    "minResTime" : 1542.0,
    "maxResTime" : 2215.0,
    "pct1ResTime" : 2215.0,
    "pct2ResTime" : 2215.0,
    "pct3ResTime" : 2215.0,
    "throughput" : 2.2271714922048997,
    "receivedKBytesPerSec" : 10.781336998886413,
    "sentKBytesPerSec" : 1.1701350222717148
  },
  "validate-1" : {
    "transaction" : "validate-1",
    "sampleCount" : 5,
    "errorCount" : 0,
    "errorPct" : 0.0,
    "meanResTime" : 364.2,
    "medianResTime" : 369.0,
    "minResTime" : 350.0,
    "maxResTime" : 375.0,
    "pct1ResTime" : 375.0,
    "pct2ResTime" : 375.0,
    "pct3ResTime" : 375.0,
    "throughput" : 12.106537530266344,
    "receivedKBytesPerSec" : 59.1777958535109,
    "sentKBytesPerSec" : 7.4838264225181605
  },
  "validate-0" : {
    "transaction" : "validate-0",
    "sampleCount" : 5,
    "errorCount" : 0,
    "errorPct" : 0.0,
    "meanResTime" : 358.6,
    "medianResTime" : 357.0,
    "minResTime" : 341.0,
    "maxResTime" : 376.0,
    "pct1ResTime" : 376.0,
    "pct2ResTime" : 376.0,
    "pct3ResTime" : 376.0,
    "throughput" : 12.690355329949238,
    "receivedKBytesPerSec" : 24.52559882614213,
    "sentKBytesPerSec" : 10.112626903553299
  },
  "validate" : {
    "transaction" : "validate",
    "sampleCount" : 5,
    "errorCount" : 0,
    "errorPct" : 0.0,
    "meanResTime" : 726.0,
    "medianResTime" : 726.0,
    "minResTime" : 704.0,
    "maxResTime" : 749.0,
    "pct1ResTime" : 749.0,
    "pct2ResTime" : 749.0,
    "pct3ResTime" : 749.0,
    "throughput" : 6.51890482398957,
    "receivedKBytesPerSec" : 44.463514504563236,
    "sentKBytesPerSec" : 9.224504970664928
  }
}